,location_id,location_name.x,location_type.y,super_region_name,region_name,SDI,Mort,1,6,China,admin0,"Southeast Asia, East Asia, and Oceania",East Asia,72.16,290.09,East Asia: China2,7,Democratic People's Republic of Korea,admin0,"Southeast Asia, East Asia, and Oceania",East Asia,56.99,359.95,East Asia: Democratic People's Republic of Korea3,8,Taiwan (Province of China),admin0,"Southeast Asia, East Asia, and Oceania",East Asia,87.47,94.22,East Asia: Taiwan (Province of China)4,10,Cambodia,admin0,"Southeast Asia, East Asia, and Oceania",Southeast Asia,47.36,340.64,Southeast Asia: Cambodia5,11,Indonesia,admin0,"Southeast Asia, East Asia, and Oceania",Southeast Asia,65.69,412.22,Southeast Asia: Indonesia6,12,Lao People's Democratic Republic,admin0,"Southeast Asia, East Asia, and Oceania",Southeast Asia,48.91,421.56,Southeast Asia: Lao People's Democratic Republic7,13,Malaysia,admin0,"Southeast Asia, East Asia, and Oceania",Southeast Asia,74.25,274.49,Southeast Asia: Malaysia8,14,Maldives,admin0,"Southeast Asia, East Asia, and Oceania",Southeast Asia,65.09,253.32,Southeast Asia: Maldives9,15,Myanmar,admin0,"Southeast Asia, East Asia, and Oceania",Southeast Asia,53.39,370.16,Southeast Asia: Myanmar10,16,Philippines,admin0,"Southeast Asia, East Asia, and Oceania",Southeast Asia,65.12,332.44,Southeast Asia: Philippines11,17,Sri Lanka,admin0,"Southeast Asia, East Asia, and Oceania",Southeast Asia,70.15,254.24,Southeast Asia: Sri Lanka12,18,Thailand,admin0,"Southeast Asia, East Asia, and Oceania",Southeast Asia,68.25,124.87,Southeast Asia: Thailand13,19,Timor-Leste,admin0,"Southeast Asia, East Asia, and Oceania",Southeast Asia,44.47,380.94,Southeast Asia: Timor-Leste14,20,Viet Nam,admin0,"Southeast Asia, East Asia, and Oceania",Southeast Asia,62.79,317.2,Southeast Asia: Viet Nam15,22,Fiji,admin0,"Southeast Asia, East Asia, and Oceania",Oceania,67.51,448.69,Oceania: Fiji16,23,Kiribati,admin0,"Southeast Asia, East Asia, and Oceania",Oceania,52.72,429.17,Oceania: Kiribati17,24,Marshall Islands,admin0,"Southeast Asia, East Asia, and Oceania",Oceania,57.41,540.25,Oceania: Marshall Islands18,25,Micronesia (Federated States of),admin0,"Southeast Asia, East Asia, and Oceania",Oceania,58.75,530.65,Oceania: Micronesia (Federated States of)19,26,Papua New Guinea,admin0,"Southeast Asia, East Asia, and Oceania",Oceania,41.78,339.74,Oceania: Papua New Guinea20,27,Samoa,admin0,"Southeast Asia, East Asia, and Oceania",Oceania,59.34,427.35,Oceania: Samoa21,28,Solomon Islands,admin0,"Southeast Asia, East Asia, and Oceania",Oceania,42.94,553.98,Oceania: Solomon Islands22,29,Tonga,admin0,"Southeast Asia, East Asia, and Oceania",Oceania,62.63,242.94,Oceania: Tonga23,30,Vanuatu,admin0,"Southeast Asia, East Asia, and Oceania",Oceania,47.31,547.65,Oceania: Vanuatu24,33,Armenia,admin0,"Central Europe, Eastern Europe, and Central Asia",Central Asia,70.18,342.68,Central Asia: Armenia25,34,Azerbaijan,admin0,"Central Europe, Eastern Europe, and Central Asia",Central Asia,69.49,626.51,Central Asia: Azerbaijan26,35,Georgia,admin0,"Central Europe, Eastern Europe, and Central Asia",Central Asia,73.25,424.83,Central Asia: Georgia27,36,Kazakhstan,admin0,"Central Europe, Eastern Europe, and Central Asia",Central Asia,72.51,478.25,Central Asia: Kazakhstan28,37,Kyrgyzstan,admin0,"Central Europe, Eastern Europe, and Central Asia",Central Asia,60.4,427.37,Central Asia: Kyrgyzstan29,38,Mongolia,admin0,"Central Europe, Eastern Europe, and Central Asia",Central Asia,61.76,419.89,Central Asia: Mongolia30,39,Tajikistan,admin0,"Central Europe, Eastern Europe, and Central Asia",Central Asia,54.15,624.61,Central Asia: Tajikistan31,40,Turkmenistan,admin0,"Central Europe, Eastern Europe, and Central Asia",Central Asia,68.22,539.38,Central Asia: Turkmenistan32,41,Uzbekistan,admin0,"Central Europe, Eastern Europe, and Central Asia",Central Asia,66.26,798.32,Central Asia: Uzbekistan33,43,Albania,admin0,"Central Europe, Eastern Europe, and Central Asia",Central Europe,70.68,339.58,Central Europe: Albania34,44,Bosnia and Herzegovina,admin0,"Central Europe, Eastern Europe, and Central Asia",Central Europe,72.31,362.28,Central Europe: Bosnia and Herzegovina35,45,Bulgaria,admin0,"Central Europe, Eastern Europe, and Central Asia",Central Europe,76.82,535.84,Central Europe: Bulgaria36,46,Croatia,admin0,"Central Europe, Eastern Europe, and Central Asia",Central Europe,79.83,248.98,Central Europe: Croatia37,47,Czechia,admin0,"Central Europe, Eastern Europe, and Central Asia",Central Europe,82.85,213.21,Central Europe: Czechia38,48,Hungary,admin0,"Central Europe, Eastern Europe, and Central Asia",Central Europe,79.08,292.19,Central Europe: Hungary39,49,North Macedonia,admin0,"Central Europe, Eastern Europe, and Central Asia",Central Europe,75.06,585.8,Central Europe: North Macedonia40,50,Montenegro,admin0,"Central Europe, Eastern Europe, and Central Asia",Central Europe,79.58,412.13,Central Europe: Montenegro41,51,Poland,admin0,"Central Europe, Eastern Europe, and Central Asia",Central Europe,81.2,220.71,Central Europe: Poland42,52,Romania,admin0,"Central Europe, Eastern Europe, and Central Asia",Central Europe,76.85,364.59,Central Europe: Romania43,53,Serbia,admin0,"Central Europe, Eastern Europe, and Central Asia",Central Europe,79.24,478.2,Central Europe: Serbia44,54,Slovakia,admin0,"Central Europe, Eastern Europe, and Central Asia",Central Europe,81.06,294.02,Central Europe: Slovakia45,55,Slovenia,admin0,"Central Europe, Eastern Europe, and Central Asia",Central Europe,84.24,138.7,Central Europe: Slovenia46,57,Belarus,admin0,"Central Europe, Eastern Europe, and Central Asia",Eastern Europe,78.45,469.51,Eastern Europe: Belarus47,58,Estonia,admin0,"Central Europe, Eastern Europe, and Central Asia",Eastern Europe,84.49,229.76,Eastern Europe: Estonia48,59,Latvia,admin0,"Central Europe, Eastern Europe, and Central Asia",Eastern Europe,83.07,337.6,Eastern Europe: Latvia49,60,Lithuania,admin0,"Central Europe, Eastern Europe, and Central Asia",Eastern Europe,85.65,310.19,Eastern Europe: Lithuania50,61,Republic of Moldova,admin0,"Central Europe, Eastern Europe, and Central Asia",Eastern Europe,73.22,410.4,Eastern Europe: Republic of Moldova51,62,Russian Federation,admin0,"Central Europe, Eastern Europe, and Central Asia",Eastern Europe,80.85,403.31,Eastern Europe: Russian Federation52,63,Ukraine,admin0,"Central Europe, Eastern Europe, and Central Asia",Eastern Europe,76.08,503.48,Eastern Europe: Ukraine53,66,Brunei Darussalam,admin0,High-income,High-income Asia Pacific,81.02,274.14,High-income Asia Pacific: Brunei Darussalam54,67,Japan,admin0,High-income,High-income Asia Pacific,87.12,75.63,High-income Asia Pacific: Japan55,68,Republic of Korea,admin0,High-income,High-income Asia Pacific,88.67,89.64,High-income Asia Pacific: Republic of Korea56,69,Singapore,admin0,High-income,High-income Asia Pacific,85.61,81.48,High-income Asia Pacific: Singapore57,71,Australia,admin0,High-income,Australasia,84.43,97.85,Australasia: Australia58,72,New Zealand,admin0,High-income,Australasia,84.94,125.24,Australasia: New Zealand59,74,Andorra,admin0,High-income,Western Europe,86.94,111.82,Western Europe: Andorra60,75,Austria,admin0,High-income,Western Europe,85.38,139.85,Western Europe: Austria61,76,Belgium,admin0,High-income,Western Europe,85.37,99.26,Western Europe: Belgium62,77,Cyprus,admin0,High-income,Western Europe,83.56,214.59,Western Europe: Cyprus63,78,Denmark,admin0,High-income,Western Europe,89.64,99.05,Western Europe: Denmark64,79,Finland,admin0,High-income,Western Europe,85.98,152.21,Western Europe: Finland65,80,France,admin0,High-income,Western Europe,83.84,83.54,Western Europe: France66,81,Germany,admin0,High-income,Western Europe,90.3,141.66,Western Europe: Germany67,82,Greece,admin0,High-income,Western Europe,79.19,159.03,Western Europe: Greece68,83,Iceland,admin0,High-income,Western Europe,87.64,116.57,Western Europe: Iceland69,84,Ireland,admin0,High-income,Western Europe,87.38,118.45,Western Europe: Ireland70,85,Israel,admin0,High-income,Western Europe,80.9,82.35,Western Europe: Israel71,86,Italy,admin0,High-income,Western Europe,80.58,115.01,Western Europe: Italy72,87,Luxembourg,admin0,High-income,Western Europe,88.44,116.67,Western Europe: Luxembourg73,88,Malta,admin0,High-income,Western Europe,80.16,135.31,Western Europe: Malta74,89,Netherlands,admin0,High-income,Western Europe,88.85,103.24,Western Europe: Netherlands75,90,Norway,admin0,High-income,Western Europe,91.61,94.76,Western Europe: Norway76,91,Portugal,admin0,High-income,Western Europe,74.42,112.53,Western Europe: Portugal77,92,Spain,admin0,High-income,Western Europe,76.93,98.35,Western Europe: Spain78,93,Sweden,admin0,High-income,Western Europe,88.69,117.08,Western Europe: Sweden79,94,Switzerland,admin0,High-income,Western Europe,93.31,90.57,Western Europe: Switzerland80,95,United Kingdom,admin0,High-income,Western Europe,85.9,118.11,Western Europe: United Kingdom81,97,Argentina,admin0,High-income,Southern Latin America,72.31,172.84,Southern Latin America: Argentina82,98,Chile,admin0,High-income,Southern Latin America,77.15,118.81,Southern Latin America: Chile83,99,Uruguay,admin0,High-income,Southern Latin America,71.93,158.92,Southern Latin America: Uruguay84,101,Canada,admin0,High-income,High-income North America,87.32,102.09,High-income North America: Canada85,102,United States of America,admin0,High-income,High-income North America,86.24,150.79,High-income North America: United States of America86,105,Antigua and Barbuda,admin0,Latin America and Caribbean,Caribbean,74.99,246.43,Caribbean: Antigua and Barbuda87,106,Bahamas,admin0,Latin America and Caribbean,Caribbean,80.5,235.62,Caribbean: Bahamas88,107,Barbados,admin0,Latin America and Caribbean,Caribbean,74.67,197.08,Caribbean: Barbados89,108,Belize,admin0,Latin America and Caribbean,Caribbean,61.02,178.85,Caribbean: Belize90,109,Cuba,admin0,Latin America and Caribbean,Caribbean,66.87,201.74,Caribbean: Cuba91,110,Dominica,admin0,Latin America and Caribbean,Caribbean,74.7,281.54,Caribbean: Dominica92,111,Dominican Republic,admin0,Latin America and Caribbean,Caribbean,61.94,286.93,Caribbean: Dominican Republic93,112,Grenada,admin0,Latin America and Caribbean,Caribbean,66.9,298.45,Caribbean: Grenada94,113,Guyana,admin0,Latin America and Caribbean,Caribbean,65.08,402.48,Caribbean: Guyana95,114,Haiti,admin0,Latin America and Caribbean,Caribbean,44.83,479.18,Caribbean: Haiti96,115,Jamaica,admin0,Latin America and Caribbean,Caribbean,68.33,196.56,Caribbean: Jamaica97,116,Saint Lucia,admin0,Latin America and Caribbean,Caribbean,67.25,198.29,Caribbean: Saint Lucia98,117,Saint Vincent and the Grenadines,admin0,Latin America and Caribbean,Caribbean,63.72,281.58,Caribbean: Saint Vincent and the Grenadines99,118,Suriname,admin0,Latin America and Caribbean,Caribbean,63.37,256.01,Caribbean: Suriname100,119,Trinidad and Tobago,admin0,Latin America and Caribbean,Caribbean,76.88,220.57,Caribbean: Trinidad and Tobago101,121,Bolivia (Plurinational State of),admin0,Latin America and Caribbean,Andean Latin America,59.9,191.31,Andean Latin America: Bolivia (Plurinational State of)102,122,Ecuador,admin0,Latin America and Caribbean,Andean Latin America,66.1,163.67,Andean Latin America: Ecuador103,123,Peru,admin0,Latin America and Caribbean,Andean Latin America,66.21,101.08,Andean Latin America: Peru104,125,Colombia,admin0,Latin America and Caribbean,Central Latin America,65.54,133.27,Central Latin America: Colombia105,126,Costa Rica,admin0,Latin America and Caribbean,Central Latin America,70.03,115.61,Central Latin America: Costa Rica106,127,El Salvador,admin0,Latin America and Caribbean,Central Latin America,56.38,148.15,Central Latin America: El Salvador107,128,Guatemala,admin0,Latin America and Caribbean,Central Latin America,54,168.96,Central Latin America: Guatemala108,129,Honduras,admin0,Latin America and Caribbean,Central Latin America,51.3,330.06,Central Latin America: Honduras109,130,Mexico,admin0,Latin America and Caribbean,Central Latin America,66.46,174.41,Central Latin America: Mexico110,131,Nicaragua,admin0,Latin America and Caribbean,Central Latin America,52.4,180.55,Central Latin America: Nicaragua111,132,Panama,admin0,Latin America and Caribbean,Central Latin America,70.89,128.7,Central Latin America: Panama112,133,Venezuela (Bolivarian Republic of),admin0,Latin America and Caribbean,Central Latin America,59.65,239.67,Central Latin America: Venezuela (Bolivarian Republic of)113,135,Brazil,admin0,Latin America and Caribbean,Tropical Latin America,65.3,162.2,Tropical Latin America: Brazil114,136,Paraguay,admin0,Latin America and Caribbean,Tropical Latin America,63.57,204.93,Tropical Latin America: Paraguay115,139,Algeria,admin0,North Africa and Middle East,North Africa and Middle East,65.95,339.45,North Africa and Middle East: Algeria116,140,Bahrain,admin0,North Africa and Middle East,North Africa and Middle East,75.3,273.58,North Africa and Middle East: Bahrain117,141,Egypt,admin0,North Africa and Middle East,North Africa and Middle East,60.68,509.81,North Africa and Middle East: Egypt118,142,Iran (Islamic Republic of),admin0,North Africa and Middle East,North Africa and Middle East,69.72,280.18,North Africa and Middle East: Iran (Islamic Republic of)119,143,Iraq,admin0,North Africa and Middle East,North Africa and Middle East,66.26,474.98,North Africa and Middle East: Iraq120,144,Jordan,admin0,North Africa and Middle East,North Africa and Middle East,72.53,235.02,North Africa and Middle East: Jordan121,145,Kuwait,admin0,North Africa and Middle East,North Africa and Middle East,84.67,210.49,North Africa and Middle East: Kuwait122,146,Lebanon,admin0,North Africa and Middle East,North Africa and Middle East,74.47,134.2,North Africa and Middle East: Lebanon123,147,Libya,admin0,North Africa and Middle East,North Africa and Middle East,72.58,306.84,North Africa and Middle East: Libya124,148,Morocco,admin0,North Africa and Middle East,North Africa and Middle East,56.27,447.31,North Africa and Middle East: Morocco125,149,Palestine,admin0,North Africa and Middle East,North Africa and Middle East,63.1,351.05,North Africa and Middle East: Palestine126,150,Oman,admin0,North Africa and Middle East,North Africa and Middle East,77.34,483.09,North Africa and Middle East: Oman127,151,Qatar,admin0,North Africa and Middle East,North Africa and Middle East,84.69,229.49,North Africa and Middle East: Qatar128,152,Saudi Arabia,admin0,North Africa and Middle East,North Africa and Middle East,81.51,364.56,North Africa and Middle East: Saudi Arabia129,153,Syrian Arab Republic,admin0,North Africa and Middle East,North Africa and Middle East,62.3,504.73,North Africa and Middle East: Syrian Arab Republic130,154,Tunisia,admin0,North Africa and Middle East,North Africa and Middle East,68.24,293.05,North Africa and Middle East: Tunisia131,155,Türkiye,admin0,North Africa and Middle East,North Africa and Middle East,71.27,248.97,North Africa and Middle East: Türkiye132,156,United Arab Emirates,admin0,North Africa and Middle East,North Africa and Middle East,84.93,257.43,North Africa and Middle East: United Arab Emirates133,157,Yemen,admin0,North Africa and Middle East,North Africa and Middle East,45.04,539.92,North Africa and Middle East: Yemen134,160,Afghanistan,admin0,North Africa and Middle East,North Africa and Middle East,33.72,600.24,North Africa and Middle East: Afghanistan135,161,Bangladesh,admin0,South Asia,South Asia,49.24,306.78,South Asia: Bangladesh136,162,Bhutan,admin0,South Asia,South Asia,47.31,248.62,South Asia: Bhutan137,163,India,admin0,South Asia,South Asia,57.54,279.15,South Asia: India138,164,Nepal,admin0,South Asia,South Asia,43.32,283.32,South Asia: Nepal139,165,Pakistan,admin0,South Asia,South Asia,50.4,350.85,South Asia: Pakistan140,168,Angola,admin0,Sub-Saharan Africa,Central Sub-Saharan Africa,45.37,375.74,Central Sub-Saharan Africa: Angola141,169,Central African Republic,admin0,Sub-Saharan Africa,Central Sub-Saharan Africa,30.92,475.68,Central Sub-Saharan Africa: Central African Republic142,170,Congo,admin0,Sub-Saharan Africa,Central Sub-Saharan Africa,58.31,427.18,Central Sub-Saharan Africa: Congo143,171,Democratic Republic of the Congo,admin0,Sub-Saharan Africa,Central Sub-Saharan Africa,38.32,356.61,Central Sub-Saharan Africa: Democratic Republic of the Congo144,172,Equatorial Guinea,admin0,Sub-Saharan Africa,Central Sub-Saharan Africa,65.79,345.83,Central Sub-Saharan Africa: Equatorial Guinea145,173,Gabon,admin0,Sub-Saharan Africa,Central Sub-Saharan Africa,63.47,352.34,Central Sub-Saharan Africa: Gabon146,175,Burundi,admin0,Sub-Saharan Africa,Eastern Sub-Saharan Africa,28.94,293.79,Eastern Sub-Saharan Africa: Burundi147,176,Comoros,admin0,Sub-Saharan Africa,Eastern Sub-Saharan Africa,47.6,255.02,Eastern Sub-Saharan Africa: Comoros148,177,Djibouti,admin0,Sub-Saharan Africa,Eastern Sub-Saharan Africa,48.8,291.05,Eastern Sub-Saharan Africa: Djibouti149,178,Eritrea,admin0,Sub-Saharan Africa,Eastern Sub-Saharan Africa,40.39,335.71,Eastern Sub-Saharan Africa: Eritrea150,179,Ethiopia,admin0,Sub-Saharan Africa,Eastern Sub-Saharan Africa,35.88,195.39,Eastern Sub-Saharan Africa: Ethiopia151,180,Kenya,admin0,Sub-Saharan Africa,Eastern Sub-Saharan Africa,52.38,237.01,Eastern Sub-Saharan Africa: Kenya152,181,Madagascar,admin0,Sub-Saharan Africa,Eastern Sub-Saharan Africa,40.02,428.98,Eastern Sub-Saharan Africa: Madagascar153,182,Malawi,admin0,Sub-Saharan Africa,Eastern Sub-Saharan Africa,38.46,318.56,Eastern Sub-Saharan Africa: Malawi154,183,Mauritius,admin0,"Southeast Asia, East Asia, and Oceania",Southeast Asia,71.83,213.85,Southeast Asia: Mauritius155,184,Mozambique,admin0,Sub-Saharan Africa,Eastern Sub-Saharan Africa,32.65,373.83,Eastern Sub-Saharan Africa: Mozambique156,185,Rwanda,admin0,Sub-Saharan Africa,Eastern Sub-Saharan Africa,43.56,264.04,Eastern Sub-Saharan Africa: Rwanda157,186,Seychelles,admin0,"Southeast Asia, East Asia, and Oceania",Southeast Asia,73.02,274.84,Southeast Asia: Seychelles158,187,Somalia,admin0,Sub-Saharan Africa,Eastern Sub-Saharan Africa,7.77,324.81,Eastern Sub-Saharan Africa: Somalia159,189,United Republic of Tanzania,admin0,Sub-Saharan Africa,Eastern Sub-Saharan Africa,44.66,280.51,Eastern Sub-Saharan Africa: United Republic of Tanzania160,190,Uganda,admin0,Sub-Saharan Africa,Eastern Sub-Saharan Africa,42.33,232.11,Eastern Sub-Saharan Africa: Uganda161,191,Zambia,admin0,Sub-Saharan Africa,Eastern Sub-Saharan Africa,50.59,218.11,Eastern Sub-Saharan Africa: Zambia162,193,Botswana,admin0,Sub-Saharan Africa,Southern Sub-Saharan Africa,64.27,272.3,Southern Sub-Saharan Africa: Botswana163,194,Lesotho,admin0,Sub-Saharan Africa,Southern Sub-Saharan Africa,51.04,456.16,Southern Sub-Saharan Africa: Lesotho164,195,Namibia,admin0,Sub-Saharan Africa,Southern Sub-Saharan Africa,61.76,356.88,Southern Sub-Saharan Africa: Namibia165,196,South Africa,admin0,Sub-Saharan Africa,Southern Sub-Saharan Africa,67.96,268.2,Southern Sub-Saharan Africa: South Africa166,197,Eswatini,admin0,Sub-Saharan Africa,Southern Sub-Saharan Africa,58.55,397.49,Southern Sub-Saharan Africa: Eswatini167,198,Zimbabwe,admin0,Sub-Saharan Africa,Southern Sub-Saharan Africa,47.38,394.36,Southern Sub-Saharan Africa: Zimbabwe168,200,Benin,admin0,Sub-Saharan Africa,Western Sub-Saharan Africa,37.35,307.54,Western Sub-Saharan Africa: Benin169,201,Burkina Faso,admin0,Sub-Saharan Africa,Western Sub-Saharan Africa,28.51,300.05,Western Sub-Saharan Africa: Burkina Faso170,202,Cameroon,admin0,Sub-Saharan Africa,Western Sub-Saharan Africa,47.97,343.19,Western Sub-Saharan Africa: Cameroon171,203,Cabo Verde,admin0,Sub-Saharan Africa,Western Sub-Saharan Africa,53.35,284.34,Western Sub-Saharan Africa: Cabo Verde172,204,Chad,admin0,Sub-Saharan Africa,Western Sub-Saharan Africa,24.04,354.61,Western Sub-Saharan Africa: Chad173,205,Côte d'Ivoire,admin0,Sub-Saharan Africa,Western Sub-Saharan Africa,42.59,355.09,Western Sub-Saharan Africa: Côte d'Ivoire174,206,Gambia,admin0,Sub-Saharan Africa,Western Sub-Saharan Africa,40.97,398.62,Western Sub-Saharan Africa: Gambia175,207,Ghana,admin0,Sub-Saharan Africa,Western Sub-Saharan Africa,56.49,372.36,Western Sub-Saharan Africa: Ghana176,208,Guinea,admin0,Sub-Saharan Africa,Western Sub-Saharan Africa,33.64,349.82,Western Sub-Saharan Africa: Guinea177,209,Guinea-Bissau,admin0,Sub-Saharan Africa,Western Sub-Saharan Africa,35.31,484.6,Western Sub-Saharan Africa: Guinea-Bissau178,210,Liberia,admin0,Sub-Saharan Africa,Western Sub-Saharan Africa,35.24,360.27,Western Sub-Saharan Africa: Liberia179,211,Mali,admin0,Sub-Saharan Africa,Western Sub-Saharan Africa,26.86,260.69,Western Sub-Saharan Africa: Mali180,212,Mauritania,admin0,Sub-Saharan Africa,Western Sub-Saharan Africa,49.89,312.06,Western Sub-Saharan Africa: Mauritania181,213,Niger,admin0,Sub-Saharan Africa,Western Sub-Saharan Africa,16.81,287.26,Western Sub-Saharan Africa: Niger182,214,Nigeria,admin0,Sub-Saharan Africa,Western Sub-Saharan Africa,50.34,287.79,Western Sub-Saharan Africa: Nigeria183,215,Sao Tome and Principe,admin0,Sub-Saharan Africa,Western Sub-Saharan Africa,50.54,294.11,Western Sub-Saharan Africa: Sao Tome and Principe184,216,Senegal,admin0,Sub-Saharan Africa,Western Sub-Saharan Africa,40.81,346.67,Western Sub-Saharan Africa: Senegal185,217,Sierra Leone,admin0,Sub-Saharan Africa,Western Sub-Saharan Africa,35.87,359.7,Western Sub-Saharan Africa: Sierra Leone186,218,Togo,admin0,Sub-Saharan Africa,Western Sub-Saharan Africa,40.85,374.5,Western Sub-Saharan Africa: Togo187,298,American Samoa,nonsovereign,"Southeast Asia, East Asia, and Oceania",Oceania,72.37,337.23,Oceania: American Samoa188,305,Bermuda,nonsovereign,Latin America and Caribbean,Caribbean,82.14,143.43,Caribbean: Bermuda189,320,Cook Islands,nonsovereign,"Southeast Asia, East Asia, and Oceania",Oceania,77.91,245.39,Oceania: Cook Islands190,349,Greenland,nonsovereign,High-income,High-income North America,82.62,244.83,High-income North America: Greenland191,351,Guam,nonsovereign,"Southeast Asia, East Asia, and Oceania",Oceania,80.4,326.19,Oceania: Guam192,367,Monaco,admin0,High-income,Western Europe,90.83,127.35,Western Europe: Monaco193,369,Nauru,admin0,"Southeast Asia, East Asia, and Oceania",Oceania,62.52,721.74,Oceania: Nauru194,374,Niue,nonsovereign,"Southeast Asia, East Asia, and Oceania",Oceania,72.62,406.18,Oceania: Niue195,376,Northern Mariana Islands,nonsovereign,"Southeast Asia, East Asia, and Oceania",Oceania,77.15,291.66,Oceania: Northern Mariana Islands196,380,Palau,admin0,"Southeast Asia, East Asia, and Oceania",Oceania,75.4,408.43,Oceania: Palau197,385,Puerto Rico,nonsovereign,Latin America and Caribbean,Caribbean,82.55,102.23,Caribbean: Puerto Rico198,393,Saint Kitts and Nevis,admin0,Latin America and Caribbean,Caribbean,75.5,280.84,Caribbean: Saint Kitts and Nevis199,396,San Marino,admin0,High-income,Western Europe,88.8,122.23,Western Europe: San Marino200,413,Tokelau,nonsovereign,"Southeast Asia, East Asia, and Oceania",Oceania,68.64,382.14,Oceania: Tokelau201,416,Tuvalu,admin0,"Southeast Asia, East Asia, and Oceania",Oceania,57.66,500.15,Oceania: Tuvalu202,422,United States Virgin Islands,nonsovereign,Latin America and Caribbean,Caribbean,82.18,276.53,Caribbean: United States Virgin Islands203,433,Northern Ireland,admin1,High-income,Western Europe,83.85,114.58,Western Europe: Northern Ireland204,434,Scotland,admin1,High-income,Western Europe,85.21,139.01,Western Europe: Scotland205,435,South Sudan,admin0,Sub-Saharan Africa,Eastern Sub-Saharan Africa,27.84,287.5,Eastern Sub-Saharan Africa: South Sudan206,522,Sudan,admin0,North Africa and Middle East,North Africa and Middle East,54.19,465.86,North Africa and Middle East: Sudan207,523,Alabama,admin1,High-income,High-income North America,82.56,194.6,High-income North America: Alabama208,524,Alaska,admin1,High-income,High-income North America,85.75,129.99,High-income North America: Alaska209,525,Arizona,admin1,High-income,High-income North America,84.67,137.63,High-income North America: Arizona210,526,Arkansas,admin1,High-income,High-income North America,81.77,204.15,High-income North America: Arkansas211,527,California,admin1,High-income,High-income North America,87.02,128.68,High-income North America: California212,528,Colorado,admin1,High-income,High-income North America,87.67,125.6,High-income North America: Colorado213,529,Connecticut,admin1,High-income,High-income North America,90.31,121.92,High-income North America: Connecticut214,530,Delaware,admin1,High-income,High-income North America,86.64,155.55,High-income North America: Delaware215,531,District of Columbia,admin1,High-income,High-income North America,90.6,163.06,High-income North America: District of Columbia216,532,Florida,admin1,High-income,High-income North America,86.2,143.71,High-income North America: Florida217,533,Georgia,admin1,High-income,High-income North America,84.66,166.63,High-income North America: Georgia218,534,Hawaii,admin1,High-income,High-income North America,86.95,116.05,High-income North America: Hawaii219,535,Idaho,admin1,High-income,High-income North America,83.65,142.56,High-income North America: Idaho220,536,Illinois,admin1,High-income,High-income North America,87.92,147.86,High-income North America: Illinois221,537,Indiana,admin1,High-income,High-income North America,84.29,171.15,High-income North America: Indiana222,538,Iowa,admin1,High-income,High-income North America,86.41,155.05,High-income North America: Iowa223,539,Kansas,admin1,High-income,High-income North America,85.94,156.57,High-income North America: Kansas224,540,Kentucky,admin1,High-income,High-income North America,82.13,185.1,High-income North America: Kentucky225,541,Louisiana,admin1,High-income,High-income North America,82.53,197.67,High-income North America: Louisiana226,542,Maine,admin1,High-income,High-income North America,86.58,138.06,High-income North America: Maine227,543,Maryland,admin1,High-income,High-income North America,88.92,149.59,High-income North America: Maryland228,544,Massachusetts,admin1,High-income,High-income North America,90.66,123.62,High-income North America: Massachusetts229,545,Michigan,admin1,High-income,High-income North America,86.4,170.59,High-income North America: Michigan230,546,Minnesota,admin1,High-income,High-income North America,88.7,122.99,High-income North America: Minnesota231,547,Mississippi,admin1,High-income,High-income North America,81.05,214.05,High-income North America: Mississippi232,548,Missouri,admin1,High-income,High-income North America,84.82,169.27,High-income North America: Missouri233,549,Montana,admin1,High-income,High-income North America,85.91,144.95,High-income North America: Montana234,550,Nebraska,admin1,High-income,High-income North America,86.51,139.88,High-income North America: Nebraska235,551,Nevada,admin1,High-income,High-income North America,84.77,163.88,High-income North America: Nevada236,552,New Hampshire,admin1,High-income,High-income North America,89.83,134.06,High-income North America: New Hampshire237,553,New Jersey,admin1,High-income,High-income North America,89.19,136.59,High-income North America: New Jersey238,554,New Mexico,admin1,High-income,High-income North America,83.17,137.83,High-income North America: New Mexico239,555,New York,admin1,High-income,High-income North America,88.52,140.33,High-income North America: New York240,556,North Carolina,admin1,High-income,High-income North America,84.44,151.04,High-income North America: North Carolina241,557,North Dakota,admin1,High-income,High-income North America,87.3,141.85,High-income North America: North Dakota242,558,Ohio,admin1,High-income,High-income North America,85.05,174.27,High-income North America: Ohio243,559,Oklahoma,admin1,High-income,High-income North America,82.87,202.19,High-income North America: Oklahoma244,560,Oregon,admin1,High-income,High-income North America,87.02,131.03,High-income North America: Oregon245,561,Pennsylvania,admin1,High-income,High-income North America,87.24,150.37,High-income North America: Pennsylvania246,562,Rhode Island,admin1,High-income,High-income North America,88.39,145.99,High-income North America: Rhode Island247,563,South Carolina,admin1,High-income,High-income North America,83.77,170.86,High-income North America: South Carolina248,564,South Dakota,admin1,High-income,High-income North America,85.57,145.63,High-income North America: South Dakota249,565,Tennessee,admin1,High-income,High-income North America,83.3,196.14,High-income North America: Tennessee250,566,Texas,admin1,High-income,High-income North America,83.48,158.3,High-income North America: Texas251,567,Utah,admin1,High-income,High-income North America,85.46,137.26,High-income North America: Utah252,568,Vermont,admin1,High-income,High-income North America,89,138.17,High-income North America: Vermont253,569,Virginia,admin1,High-income,High-income North America,88.01,141.66,High-income North America: Virginia254,570,Washington,admin1,High-income,High-income North America,87.76,133.13,High-income North America: Washington255,571,West Virginia,admin1,High-income,High-income North America,81.77,184.99,High-income North America: West Virginia256,572,Wisconsin,admin1,High-income,High-income North America,87.17,142.59,High-income North America: Wisconsin257,573,Wyoming,admin1,High-income,High-income North America,86.21,136.06,High-income North America: Wyoming258,4618,North East England,admin1,High-income,Western Europe,82.73,131.9,Western Europe: North East England259,4619,North West England,admin1,High-income,Western Europe,84.44,129.23,Western Europe: North West England260,4620,Yorkshire and the Humber,admin1,High-income,Western Europe,83.75,131.13,Western Europe: Yorkshire and the Humber261,4621,East Midlands,admin1,High-income,Western Europe,83.59,118.84,Western Europe: East Midlands262,4622,West Midlands,admin1,High-income,Western Europe,83.59,118.58,Western Europe: West Midlands263,4623,East of England,admin1,High-income,Western Europe,85.64,108.24,Western Europe: East of England264,4624,Greater London,admin1,High-income,Western Europe,90.49,103.06,Western Europe: Greater London265,4625,South East England,admin1,High-income,Western Europe,87.61,107.68,Western Europe: South East England266,4626,South West England,admin1,High-income,Western Europe,86.15,109.69,Western Europe: South West England267,4636,Wales,admin1,High-income,Western Europe,83.43,124.34,Western Europe: Wales268,4643,Aguascalientes,admin1,Latin America and Caribbean,Central Latin America,68.12,152.9,Central Latin America: Aguascalientes269,4644,Baja California,admin1,Latin America and Caribbean,Central Latin America,70.41,198.09,Central Latin America: Baja California270,4645,Baja California Sur,admin1,Latin America and Caribbean,Central Latin America,70.97,186.63,Central Latin America: Baja California Sur271,4646,Campeche,admin1,Latin America and Caribbean,Central Latin America,66.54,168.03,Central Latin America: Campeche272,4647,Coahuila,admin1,Latin America and Caribbean,Central Latin America,67.76,198.79,Central Latin America: Coahuila273,4648,Colima,admin1,Latin America and Caribbean,Central Latin America,69.91,182.82,Central Latin America: Colima274,4649,Chiapas,admin1,Latin America and Caribbean,Central Latin America,56.99,166.71,Central Latin America: Chiapas275,4650,Chihuahua,admin1,Latin America and Caribbean,Central Latin America,67.34,228.23,Central Latin America: Chihuahua276,4651,Mexico City,admin1,Latin America and Caribbean,Central Latin America,75.98,176.39,Central Latin America: Mexico City277,4652,Durango,admin1,Latin America and Caribbean,Central Latin America,63.93,182.5,Central Latin America: Durango278,4653,Guanajuato,admin1,Latin America and Caribbean,Central Latin America,64.64,190.81,Central Latin America: Guanajuato279,4654,Guerrero,admin1,Latin America and Caribbean,Central Latin America,58.49,149.24,Central Latin America: Guerrero280,4655,Hidalgo,admin1,Latin America and Caribbean,Central Latin America,63.35,165.26,Central Latin America: Hidalgo281,4656,Jalisco,admin1,Latin America and Caribbean,Central Latin America,67.6,170.95,Central Latin America: Jalisco282,4657,México,admin1,Latin America and Caribbean,Central Latin America,68.16,163.73,Central Latin America: México283,4658,Michoacán de Ocampo,admin1,Latin America and Caribbean,Central Latin America,61.31,144.91,Central Latin America: Michoacán de Ocampo284,4659,Morelos,admin1,Latin America and Caribbean,Central Latin America,67.01,173.83,Central Latin America: Morelos285,4660,Nayarit,admin1,Latin America and Caribbean,Central Latin America,65.82,142.27,Central Latin America: Nayarit286,4661,Nuevo León,admin1,Latin America and Caribbean,Central Latin America,71.01,194.77,Central Latin America: Nuevo León287,4662,Oaxaca,admin1,Latin America and Caribbean,Central Latin America,58.9,156.73,Central Latin America: Oaxaca288,4663,Puebla,admin1,Latin America and Caribbean,Central Latin America,62.2,178.72,Central Latin America: Puebla289,4664,Querétaro,admin1,Latin America and Caribbean,Central Latin America,68.26,184.02,Central Latin America: Querétaro290,4665,Quintana Roo,admin1,Latin America and Caribbean,Central Latin America,68.11,191.85,Central Latin America: Quintana Roo291,4666,San Luis Potosí,admin1,Latin America and Caribbean,Central Latin America,64.67,155.98,Central Latin America: San Luis Potosí292,4667,Sinaloa,admin1,Latin America and Caribbean,Central Latin America,67.72,155.8,Central Latin America: Sinaloa293,4668,Sonora,admin1,Latin America and Caribbean,Central Latin America,71.07,232.04,Central Latin America: Sonora294,4669,Tabasco,admin1,Latin America and Caribbean,Central Latin America,64.87,196.25,Central Latin America: Tabasco295,4670,Tamaulipas,admin1,Latin America and Caribbean,Central Latin America,68.21,174.24,Central Latin America: Tamaulipas296,4671,Tlaxcala,admin1,Latin America and Caribbean,Central Latin America,64.78,144.46,Central Latin America: Tlaxcala297,4672,Veracruz de Ignacio de la Llave,admin1,Latin America and Caribbean,Central Latin America,62.81,188.76,Central Latin America: Veracruz de Ignacio de la Llave298,4673,Yucatán,admin1,Latin America and Caribbean,Central Latin America,65.31,208.63,Central Latin America: Yucatán299,4674,Zacatecas,admin1,Latin America and Caribbean,Central Latin America,63.48,149.49,Central Latin America: Zacatecas300,4709,Aceh,admin1,"Southeast Asia, East Asia, and Oceania",Southeast Asia,66.96,406.88,Southeast Asia: Aceh301,4710,North Sumatra,admin1,"Southeast Asia, East Asia, and Oceania",Southeast Asia,66.7,443.33,Southeast Asia: North Sumatra302,4711,West Sumatra,admin1,"Southeast Asia, East Asia, and Oceania",Southeast Asia,66.58,410.56,Southeast Asia: West Sumatra303,4712,Riau,admin1,"Southeast Asia, East Asia, and Oceania",Southeast Asia,72.28,393.91,Southeast Asia: Riau304,4713,Jambi,admin1,"Southeast Asia, East Asia, and Oceania",Southeast Asia,63.96,434.57,Southeast Asia: Jambi305,4714,South Sumatra,admin1,"Southeast Asia, East Asia, and Oceania",Southeast Asia,64.55,405.74,Southeast Asia: South Sumatra306,4715,Bengkulu,admin1,"Southeast Asia, East Asia, and Oceania",Southeast Asia,61.37,443.29,Southeast Asia: Bengkulu307,4716,Lampung,admin1,"Southeast Asia, East Asia, and Oceania",Southeast Asia,60.89,375.97,Southeast Asia: Lampung308,4717,Bangka-Belitung Islands,admin1,"Southeast Asia, East Asia, and Oceania",Southeast Asia,64.43,501.11,Southeast Asia: Bangka-Belitung Islands309,4718,Riau Islands,admin1,"Southeast Asia, East Asia, and Oceania",Southeast Asia,74.78,363.2,Southeast Asia: Riau Islands310,4719,North Kalimantan,admin1,"Southeast Asia, East Asia, and Oceania",Southeast Asia,75.3,257.1,Southeast Asia: North Kalimantan311,4720,Jakarta,admin1,"Southeast Asia, East Asia, and Oceania",Southeast Asia,79.94,377.73,Southeast Asia: Jakarta312,4721,West Java,admin1,"Southeast Asia, East Asia, and Oceania",Southeast Asia,64.37,411.36,Southeast Asia: West Java313,4722,Central Java,admin1,"Southeast Asia, East Asia, and Oceania",Southeast Asia,61.34,409.86,Southeast Asia: Central Java314,4723,Yogyakarta,admin1,"Southeast Asia, East Asia, and Oceania",Southeast Asia,67.54,410.02,Southeast Asia: Yogyakarta315,4724,East Java,admin1,"Southeast Asia, East Asia, and Oceania",Southeast Asia,64.55,394.38,Southeast Asia: East Java316,4725,Banten,admin1,"Southeast Asia, East Asia, and Oceania",Southeast Asia,64.07,430.06,Southeast Asia: Banten317,4726,Bali,admin1,"Southeast Asia, East Asia, and Oceania",Southeast Asia,64.96,382.84,Southeast Asia: Bali318,4727,West Nusa Tenggara,admin1,"Southeast Asia, East Asia, and Oceania",Southeast Asia,58.7,455.42,Southeast Asia: West Nusa Tenggara319,4728,East Nusa Tenggara,admin1,"Southeast Asia, East Asia, and Oceania",Southeast Asia,54.95,379.71,Southeast Asia: East Nusa Tenggara320,4729,West Kalimantan,admin1,"Southeast Asia, East Asia, and Oceania",Southeast Asia,58.61,449.03,Southeast Asia: West Kalimantan321,4730,Central Kalimantan,admin1,"Southeast Asia, East Asia, and Oceania",Southeast Asia,63.9,435.33,Southeast Asia: Central Kalimantan322,4731,South Kalimantan,admin1,"Southeast Asia, East Asia, and Oceania",Southeast Asia,62.32,507.78,Southeast Asia: South Kalimantan323,4732,East Kalimantan,admin1,"Southeast Asia, East Asia, and Oceania",Southeast Asia,75.93,452.29,Southeast Asia: East Kalimantan324,4733,North Sulawesi,admin1,"Southeast Asia, East Asia, and Oceania",Southeast Asia,65.05,456.05,Southeast Asia: North Sulawesi325,4734,Central Sulawesi,admin1,"Southeast Asia, East Asia, and Oceania",Southeast Asia,61.63,465.13,Southeast Asia: Central Sulawesi326,4735,South Sulawesi,admin1,"Southeast Asia, East Asia, and Oceania",Southeast Asia,62.11,391.29,Southeast Asia: South Sulawesi327,4736,Southeast Sulawesi,admin1,"Southeast Asia, East Asia, and Oceania",Southeast Asia,61.53,493.78,Southeast Asia: Southeast Sulawesi328,4737,Gorontalo,admin1,"Southeast Asia, East Asia, and Oceania",Southeast Asia,57,393.28,Southeast Asia: Gorontalo329,4738,West Sulawesi,admin1,"Southeast Asia, East Asia, and Oceania",Southeast Asia,57.57,478.62,Southeast Asia: West Sulawesi330,4739,Maluku,admin1,"Southeast Asia, East Asia, and Oceania",Southeast Asia,58.03,505.4,Southeast Asia: Maluku331,4740,North Maluku,admin1,"Southeast Asia, East Asia, and Oceania",Southeast Asia,56.29,504.27,Southeast Asia: North Maluku332,4741,West Papua,admin1,"Southeast Asia, East Asia, and Oceania",Southeast Asia,67.51,436.15,Southeast Asia: West Papua333,4742,Papua,admin1,"Southeast Asia, East Asia, and Oceania",Southeast Asia,64.58,474.8,Southeast Asia: Papua334,4749,England,admin1,High-income,Western Europe,86.14,115.71,Western Europe: England335,4750,Acre,admin1,Latin America and Caribbean,Tropical Latin America,56.59,168.76,Tropical Latin America: Acre336,4751,Alagoas,admin1,Latin America and Caribbean,Tropical Latin America,53.57,203.78,Tropical Latin America: Alagoas337,4752,Amazonas,admin1,Latin America and Caribbean,Tropical Latin America,60.95,145.17,Tropical Latin America: Amazonas338,4753,Amapá,admin1,Latin America and Caribbean,Tropical Latin America,63.22,175.95,Tropical Latin America: Amapá339,4754,Bahia,admin1,Latin America and Caribbean,Tropical Latin America,57.74,147.98,Tropical Latin America: Bahia340,4755,Ceará,admin1,Latin America and Caribbean,Tropical Latin America,56.87,164.01,Tropical Latin America: Ceará341,4756,Distrito Federal,admin1,Latin America and Caribbean,Tropical Latin America,77.6,172,Tropical Latin America: Distrito Federal342,4757,Espírito Santo,admin1,Latin America and Caribbean,Tropical Latin America,67.02,165.87,Tropical Latin America: Espírito Santo343,4758,Goiás,admin1,Latin America and Caribbean,Tropical Latin America,64.09,159.2,Tropical Latin America: Goiás344,4759,Maranhão,admin1,Latin America and Caribbean,Tropical Latin America,49.89,218.11,Tropical Latin America: Maranhão345,4760,Minas Gerais,admin1,Latin America and Caribbean,Tropical Latin America,65.23,135.61,Tropical Latin America: Minas Gerais346,4761,Mato Grosso do Sul,admin1,Latin America and Caribbean,Tropical Latin America,64.75,170.86,Tropical Latin America: Mato Grosso do Sul347,4762,Mato Grosso,admin1,Latin America and Caribbean,Tropical Latin America,65.12,151.7,Tropical Latin America: Mato Grosso348,4763,Pará,admin1,Latin America and Caribbean,Tropical Latin America,58.21,168.23,Tropical Latin America: Pará349,4764,Paraíba,admin1,Latin America and Caribbean,Tropical Latin America,56.39,169.5,Tropical Latin America: Paraíba350,4765,Paraná,admin1,Latin America and Caribbean,Tropical Latin America,67.49,158.75,Tropical Latin America: Paraná351,4766,Pernambuco,admin1,Latin America and Caribbean,Tropical Latin America,58.68,181.24,Tropical Latin America: Pernambuco352,4767,Piaui,admin1,Latin America and Caribbean,Tropical Latin America,52.52,174.01,Tropical Latin America: Piaui353,4768,Rio de Janeiro,admin1,Latin America and Caribbean,Tropical Latin America,71.61,182.09,Tropical Latin America: Rio de Janeiro354,4769,Rio Grande do Norte,admin1,Latin America and Caribbean,Tropical Latin America,58.99,148.52,Tropical Latin America: Rio Grande do Norte355,4770,Rondônia,admin1,Latin America and Caribbean,Tropical Latin America,62.49,156.19,Tropical Latin America: Rondônia356,4771,Roraima,admin1,Latin America and Caribbean,Tropical Latin America,62.1,211.62,Tropical Latin America: Roraima357,4772,Rio Grande do Sul,admin1,Latin America and Caribbean,Tropical Latin America,69.33,147.26,Tropical Latin America: Rio Grande do Sul358,4773,Santa Catarina,admin1,Latin America and Caribbean,Tropical Latin America,70.13,150.86,Tropical Latin America: Santa Catarina359,4774,Sergipe,admin1,Latin America and Caribbean,Tropical Latin America,59.58,151.88,Tropical Latin America: Sergipe360,4775,São Paulo,admin1,Latin America and Caribbean,Tropical Latin America,71.37,168.94,Tropical Latin America: São Paulo361,4776,Tocantins,admin1,Latin America and Caribbean,Tropical Latin America,60.86,190.17,Tropical Latin America: Tocantins362,4940,Sweden except Stockholm,admin1,High-income,Western Europe,87.52,118.54,Western Europe: Sweden except Stockholm363,4944,Stockholm,admin2,High-income,Western Europe,91.66,111.34,Western Europe: Stockholm364,35424,Hokkaidō,admin2,High-income,High-income Asia Pacific,84.37,73.57,High-income Asia Pacific: Hokkaidō365,35425,Aomori,admin2,High-income,High-income Asia Pacific,82.83,84.43,High-income Asia Pacific: Aomori366,35426,Iwate,admin2,High-income,High-income Asia Pacific,83.5,87.03,High-income Asia Pacific: Iwate367,35427,Miyagi,admin2,High-income,High-income Asia Pacific,85.99,79.6,High-income Asia Pacific: Miyagi368,35428,Akita,admin2,High-income,High-income Asia Pacific,83.22,80.22,High-income Asia Pacific: Akita369,35429,Yamagata,admin2,High-income,High-income Asia Pacific,83.79,81.94,High-income Asia Pacific: Yamagata370,35430,Fukushima,admin2,High-income,High-income Asia Pacific,84.09,86.05,High-income Asia Pacific: Fukushima371,35431,Ibaraki,admin2,High-income,High-income Asia Pacific,85.98,84.69,High-income Asia Pacific: Ibaraki372,35432,Tochigi,admin2,High-income,High-income Asia Pacific,86.12,95.7,High-income Asia Pacific: Tochigi373,35433,Gunma,admin2,High-income,High-income Asia Pacific,86.11,87.17,High-income Asia Pacific: Gunma374,35434,Saitama,admin2,High-income,High-income Asia Pacific,85.64,83.21,High-income Asia Pacific: Saitama375,35435,Chiba,admin2,High-income,High-income Asia Pacific,86.13,77.78,High-income Asia Pacific: Chiba376,35436,Tōkyō,admin2,High-income,High-income Asia Pacific,92.88,75.43,High-income Asia Pacific: Tōkyō377,35437,Kanagawa,admin2,High-income,High-income Asia Pacific,88.27,72.25,High-income Asia Pacific: Kanagawa378,35438,Niigata,admin2,High-income,High-income Asia Pacific,84.52,78.09,High-income Asia Pacific: Niigata379,35439,Toyama,admin2,High-income,High-income Asia Pacific,86.52,67.57,High-income Asia Pacific: Toyama380,35440,Ishikawa,admin2,High-income,High-income Asia Pacific,85.94,66.3,High-income Asia Pacific: Ishikawa381,35441,Fukui,admin2,High-income,High-income Asia Pacific,85.61,67.81,High-income Asia Pacific: Fukui382,35442,Yamanashi,admin2,High-income,High-income Asia Pacific,85.78,75.81,High-income Asia Pacific: Yamanashi383,35443,Nagano,admin2,High-income,High-income Asia Pacific,85.86,75.17,High-income Asia Pacific: Nagano384,35444,Gifu,admin2,High-income,High-income Asia Pacific,85.33,75.53,High-income Asia Pacific: Gifu385,35445,Shizuoka,admin2,High-income,High-income Asia Pacific,86.55,80.06,High-income Asia Pacific: Shizuoka386,35446,Aichi,admin2,High-income,High-income Asia Pacific,88.3,73.16,High-income Asia Pacific: Aichi387,35447,Mie,admin2,High-income,High-income Asia Pacific,86.06,78.08,High-income Asia Pacific: Mie388,35448,Shiga,admin2,High-income,High-income Asia Pacific,87.43,69.85,High-income Asia Pacific: Shiga389,35449,Kyōto,admin2,High-income,High-income Asia Pacific,87.6,70.33,High-income Asia Pacific: Kyōto390,35450,Ōsaka,admin2,High-income,High-income Asia Pacific,87.64,80.63,High-income Asia Pacific: Ōsaka391,35451,Hyōgo,admin2,High-income,High-income Asia Pacific,86.82,71.21,High-income Asia Pacific: Hyōgo392,35452,Nara,admin2,High-income,High-income Asia Pacific,85.17,66.85,High-income Asia Pacific: Nara393,35453,Wakayama,admin2,High-income,High-income Asia Pacific,84.7,84.2,High-income Asia Pacific: Wakayama394,35454,Tottori,admin2,High-income,High-income Asia Pacific,83.6,78.81,High-income Asia Pacific: Tottori395,35455,Shimane,admin2,High-income,High-income Asia Pacific,83.87,62.18,High-income Asia Pacific: Shimane396,35456,Okayama,admin2,High-income,High-income Asia Pacific,86.26,73.72,High-income Asia Pacific: Okayama397,35457,Hiroshima,admin2,High-income,High-income Asia Pacific,86.99,71.29,High-income Asia Pacific: Hiroshima398,35458,Yamaguchi,admin2,High-income,High-income Asia Pacific,85.63,82.01,High-income Asia Pacific: Yamaguchi399,35459,Tokushima,admin2,High-income,High-income Asia Pacific,85.75,68.9,High-income Asia Pacific: Tokushima400,35460,Kagawa,admin2,High-income,High-income Asia Pacific,85.78,69.56,High-income Asia Pacific: Kagawa401,35461,Ehime,admin2,High-income,High-income Asia Pacific,84.35,73.3,High-income Asia Pacific: Ehime402,35462,Kōchi,admin2,High-income,High-income Asia Pacific,83.49,74.61,High-income Asia Pacific: Kōchi403,35463,Fukuoka,admin2,High-income,High-income Asia Pacific,85.83,62.18,High-income Asia Pacific: Fukuoka404,35464,Saga,admin2,High-income,High-income Asia Pacific,83.49,62.45,High-income Asia Pacific: Saga405,35465,Nagasaki,admin2,High-income,High-income Asia Pacific,82.92,69.62,High-income Asia Pacific: Nagasaki406,35466,Kumamoto,admin2,High-income,High-income Asia Pacific,83.45,61.36,High-income Asia Pacific: Kumamoto407,35467,Ōita,admin2,High-income,High-income Asia Pacific,84.93,71.05,High-income Asia Pacific: Ōita408,35468,Miyazaki,admin2,High-income,High-income Asia Pacific,82.66,74.06,High-income Asia Pacific: Miyazaki409,35469,Kagoshima,admin2,High-income,High-income Asia Pacific,83.2,77.63,High-income Asia Pacific: Kagoshima410,35470,Okinawa,admin2,High-income,High-income Asia Pacific,82.18,72.07,High-income Asia Pacific: Okinawa411,35494,Piemonte,admin1,High-income,Western Europe,80.7,116.99,Western Europe: Piemonte412,35495,Valle d'Aosta,admin1,High-income,Western Europe,81.23,113.64,Western Europe: Valle d'Aosta413,35496,Liguria,admin1,High-income,Western Europe,82.21,107.97,Western Europe: Liguria414,35497,Lombardia,admin1,High-income,Western Europe,82.94,100.94,Western Europe: Lombardia415,35498,Provincia autonoma di Bolzano,admin1,High-income,Western Europe,83.97,96.16,Western Europe: Provincia autonoma di Bolzano416,35499,Provincia autonoma di Trento,admin1,High-income,Western Europe,82.94,98.62,Western Europe: Provincia autonoma di Trento417,35500,Veneto,admin1,High-income,Western Europe,80.85,104.38,Western Europe: Veneto418,35501,Friuli-Venezia Giulia,admin1,High-income,Western Europe,82.03,103.46,Western Europe: Friuli-Venezia Giulia419,35502,Emilia-Romagna,admin1,High-income,Western Europe,82.97,100.46,Western Europe: Emilia-Romagna420,35503,Toscana,admin1,High-income,Western Europe,81.17,108.82,Western Europe: Toscana421,35504,Umbria,admin1,High-income,Western Europe,79.91,109.51,Western Europe: Umbria422,35505,Marche,admin1,High-income,Western Europe,80.35,106.43,Western Europe: Marche423,35506,Lazio,admin1,High-income,Western Europe,82.73,117.73,Western Europe: Lazio424,35507,Abruzzo,admin1,High-income,Western Europe,81.68,124.52,Western Europe: Abruzzo425,35508,Molise,admin1,High-income,Western Europe,78.84,138.58,Western Europe: Molise426,35509,Campania,admin1,High-income,Western Europe,76.69,149.78,Western Europe: Campania427,35510,Puglia,admin1,High-income,Western Europe,76.4,114.1,Western Europe: Puglia428,35511,Basilicata,admin1,High-income,Western Europe,78.4,135.5,Western Europe: Basilicata429,35512,Calabria,admin1,High-income,Western Europe,77.57,142.93,Western Europe: Calabria430,35513,Sicilia,admin1,High-income,Western Europe,76.31,139.76,Western Europe: Sicilia431,35514,Sardegna,admin1,High-income,Western Europe,77.28,103.53,Western Europe: Sardegna432,35617,Baringo,admin1,Sub-Saharan Africa,Eastern Sub-Saharan Africa,51.49,244.66,Eastern Sub-Saharan Africa: Baringo433,35618,Bomet,admin1,Sub-Saharan Africa,Eastern Sub-Saharan Africa,52.94,191.76,Eastern Sub-Saharan Africa: Bomet434,35619,Bungoma,admin1,Sub-Saharan Africa,Eastern Sub-Saharan Africa,49.67,216.69,Eastern Sub-Saharan Africa: Bungoma435,35620,Busia,admin1,Sub-Saharan Africa,Eastern Sub-Saharan Africa,47.77,221.47,Eastern Sub-Saharan Africa: Busia436,35621,Elgeyo-Marakwet,admin1,Sub-Saharan Africa,Eastern Sub-Saharan Africa,52.63,263.06,Eastern Sub-Saharan Africa: Elgeyo-Marakwet437,35622,Embu,admin1,Sub-Saharan Africa,Eastern Sub-Saharan Africa,54.76,216.87,Eastern Sub-Saharan Africa: Embu438,35623,Garissa,admin1,Sub-Saharan Africa,Eastern Sub-Saharan Africa,32.11,275.47,Eastern Sub-Saharan Africa: Garissa439,35624,Homa Bay,admin1,Sub-Saharan Africa,Eastern Sub-Saharan Africa,49.39,239.92,Eastern Sub-Saharan Africa: Homa Bay440,35625,Isiolo,admin1,Sub-Saharan Africa,Eastern Sub-Saharan Africa,43.4,223.51,Eastern Sub-Saharan Africa: Isiolo441,35626,Kajiado,admin1,Sub-Saharan Africa,Eastern Sub-Saharan Africa,50.7,233.79,Eastern Sub-Saharan Africa: Kajiado442,35627,Kakamega,admin1,Sub-Saharan Africa,Eastern Sub-Saharan Africa,50.95,224.63,Eastern Sub-Saharan Africa: Kakamega443,35628,Kericho,admin1,Sub-Saharan Africa,Eastern Sub-Saharan Africa,52.36,200.48,Eastern Sub-Saharan Africa: Kericho444,35629,Kiambu,admin1,Sub-Saharan Africa,Eastern Sub-Saharan Africa,59.31,278.98,Eastern Sub-Saharan Africa: Kiambu445,35630,Kilifi,admin1,Sub-Saharan Africa,Eastern Sub-Saharan Africa,48.6,216.68,Eastern Sub-Saharan Africa: Kilifi446,35631,Kirinyaga,admin1,Sub-Saharan Africa,Eastern Sub-Saharan Africa,54.3,233.88,Eastern Sub-Saharan Africa: Kirinyaga447,35632,Kisii,admin1,Sub-Saharan Africa,Eastern Sub-Saharan Africa,54.46,307.93,Eastern Sub-Saharan Africa: Kisii448,35633,Kisumu,admin1,Sub-Saharan Africa,Eastern Sub-Saharan Africa,54.44,301.48,Eastern Sub-Saharan Africa: Kisumu449,35634,Kitui,admin1,Sub-Saharan Africa,Eastern Sub-Saharan Africa,47.47,203.48,Eastern Sub-Saharan Africa: Kitui450,35635,Kwale,admin1,Sub-Saharan Africa,Eastern Sub-Saharan Africa,47.51,248.61,Eastern Sub-Saharan Africa: Kwale451,35636,Laikipia,admin1,Sub-Saharan Africa,Eastern Sub-Saharan Africa,57.57,210.15,Eastern Sub-Saharan Africa: Laikipia452,35637,Lamu,admin1,Sub-Saharan Africa,Eastern Sub-Saharan Africa,50.38,219.75,Eastern Sub-Saharan Africa: Lamu453,35638,Machakos,admin1,Sub-Saharan Africa,Eastern Sub-Saharan Africa,54.8,214.13,Eastern Sub-Saharan Africa: Machakos454,35639,Makueni,admin1,Sub-Saharan Africa,Eastern Sub-Saharan Africa,51.26,193.62,Eastern Sub-Saharan Africa: Makueni455,35640,Mandera,admin1,Sub-Saharan Africa,Eastern Sub-Saharan Africa,23.83,266.64,Eastern Sub-Saharan Africa: Mandera456,35641,Marsabit,admin1,Sub-Saharan Africa,Eastern Sub-Saharan Africa,40.02,210.94,Eastern Sub-Saharan Africa: Marsabit457,35642,Meru,admin1,Sub-Saharan Africa,Eastern Sub-Saharan Africa,50.82,224.34,Eastern Sub-Saharan Africa: Meru458,35643,Migori,admin1,Sub-Saharan Africa,Eastern Sub-Saharan Africa,47.28,244.39,Eastern Sub-Saharan Africa: Migori459,35644,Mombasa,admin1,Sub-Saharan Africa,Eastern Sub-Saharan Africa,59.64,233.15,Eastern Sub-Saharan Africa: Mombasa460,35645,Murang'a,admin1,Sub-Saharan Africa,Eastern Sub-Saharan Africa,55.09,226.8,Eastern Sub-Saharan Africa: Murang'a461,35646,Nairobi,admin1,Sub-Saharan Africa,Eastern Sub-Saharan Africa,68.37,273.88,Eastern Sub-Saharan Africa: Nairobi462,35647,Nakuru,admin1,Sub-Saharan Africa,Eastern Sub-Saharan Africa,57,212.86,Eastern Sub-Saharan Africa: Nakuru463,35648,Nandi,admin1,Sub-Saharan Africa,Eastern Sub-Saharan Africa,51.63,233.88,Eastern Sub-Saharan Africa: Nandi464,35649,Narok,admin1,Sub-Saharan Africa,Eastern Sub-Saharan Africa,45.91,245.12,Eastern Sub-Saharan Africa: Narok465,35650,Nyamira,admin1,Sub-Saharan Africa,Eastern Sub-Saharan Africa,58.93,374.62,Eastern Sub-Saharan Africa: Nyamira466,35651,Nyandarua,admin1,Sub-Saharan Africa,Eastern Sub-Saharan Africa,57.61,312.65,Eastern Sub-Saharan Africa: Nyandarua467,35652,Nyeri,admin1,Sub-Saharan Africa,Eastern Sub-Saharan Africa,57.88,263.17,Eastern Sub-Saharan Africa: Nyeri468,35653,Samburu,admin1,Sub-Saharan Africa,Eastern Sub-Saharan Africa,37.83,211.74,Eastern Sub-Saharan Africa: Samburu469,35654,Siaya,admin1,Sub-Saharan Africa,Eastern Sub-Saharan Africa,47.65,169.89,Eastern Sub-Saharan Africa: Siaya470,35655,Taita Taveta,admin1,Sub-Saharan Africa,Eastern Sub-Saharan Africa,54.1,249.93,Eastern Sub-Saharan Africa: Taita Taveta471,35656,Tana River,admin1,Sub-Saharan Africa,Eastern Sub-Saharan Africa,38.28,309.49,Eastern Sub-Saharan Africa: Tana River472,35657,Tharaka Nithi,admin1,Sub-Saharan Africa,Eastern Sub-Saharan Africa,52.97,256.36,Eastern Sub-Saharan Africa: Tharaka Nithi473,35658,Trans Nzoia,admin1,Sub-Saharan Africa,Eastern Sub-Saharan Africa,54.85,216.46,Eastern Sub-Saharan Africa: Trans Nzoia474,35659,Turkana,admin1,Sub-Saharan Africa,Eastern Sub-Saharan Africa,37.34,212.07,Eastern Sub-Saharan Africa: Turkana475,35660,Uasin Gishu,admin1,Sub-Saharan Africa,Eastern Sub-Saharan Africa,56.73,205.16,Eastern Sub-Saharan Africa: Uasin Gishu476,35661,Vihiga,admin1,Sub-Saharan Africa,Eastern Sub-Saharan Africa,52.31,258.94,Eastern Sub-Saharan Africa: Vihiga477,35662,Wajir,admin1,Sub-Saharan Africa,Eastern Sub-Saharan Africa,25.21,238.46,Eastern Sub-Saharan Africa: Wajir478,35663,West Pokot,admin1,Sub-Saharan Africa,Eastern Sub-Saharan Africa,44.41,218.39,Eastern Sub-Saharan Africa: West Pokot479,44643,Darlington,health_districts,High-income,Western Europe,83.72,132.81,Western Europe: Darlington480,44644,Northumberland,health_districts,High-income,Western Europe,82.33,119.29,Western Europe: Northumberland481,44645,Stockton-on-Tees,health_districts,High-income,Western Europe,83.1,132.7,Western Europe: Stockton-on-Tees482,44646,Newcastle upon Tyne,health_districts,High-income,Western Europe,87.25,124.05,Western Europe: Newcastle upon Tyne483,44647,North Tyneside,health_districts,High-income,Western Europe,83.64,116.49,Western Europe: North Tyneside484,44648,Redcar and Cleveland,health_districts,High-income,Western Europe,79.84,142.18,Western Europe: Redcar and Cleveland485,44649,County Durham,health_districts,High-income,Western Europe,81.23,140.72,Western Europe: County Durham486,44650,Gateshead,health_districts,High-income,Western Europe,83.02,126.71,Western Europe: Gateshead487,44651,Middlesbrough,health_districts,High-income,Western Europe,80.15,151.66,Western Europe: Middlesbrough488,44652,South Tyneside,health_districts,High-income,Western Europe,80.11,131.15,Western Europe: South Tyneside489,44653,Sunderland,health_districts,High-income,Western Europe,81.92,134.85,Western Europe: Sunderland490,44654,Hartlepool,health_districts,High-income,Western Europe,79.89,149.1,Western Europe: Hartlepool491,44655,Cheshire East,health_districts,High-income,Western Europe,88.48,106.15,Western Europe: Cheshire East492,44656,Stockport,health_districts,High-income,Western Europe,86.17,117.09,Western Europe: Stockport493,44657,Trafford,health_districts,High-income,Western Europe,89.68,107.37,Western Europe: Trafford494,44658,Cheshire West and Chester,health_districts,High-income,Western Europe,87.12,115.27,Western Europe: Cheshire West and Chester495,44659,Sefton,health_districts,High-income,Western Europe,82.58,131,Western Europe: Sefton496,44660,Lancashire,health_districts,High-income,Western Europe,84.11,134.35,Western Europe: Lancashire497,44661,Cumbria,health_districts,High-income,Western Europe,84.35,131.17,Western Europe: Cumbria498,44662,Bolton,health_districts,High-income,Western Europe,81.42,139.02,Western Europe: Bolton499,44663,Wirral,health_districts,High-income,Western Europe,81.93,118.67,Western Europe: Wirral500,44664,Bury,health_districts,High-income,Western Europe,83.01,116.13,Western Europe: Bury501,44665,St Helens,health_districts,High-income,Western Europe,81.22,138.38,Western Europe: St Helens502,44666,Warrington,health_districts,High-income,Western Europe,87.88,125.67,Western Europe: Warrington503,44667,Oldham,health_districts,High-income,Western Europe,79.84,141.82,Western Europe: Oldham504,44668,Rochdale,health_districts,High-income,Western Europe,80.21,139.31,Western Europe: Rochdale505,44669,Wigan,health_districts,High-income,Western Europe,80.69,134.7,Western Europe: Wigan506,44670,Halton,health_districts,High-income,Western Europe,83.62,127.96,Western Europe: Halton507,44671,Liverpool,health_districts,High-income,Western Europe,84.84,137.9,Western Europe: Liverpool508,44672,Tameside,health_districts,High-income,Western Europe,80.05,133.19,Western Europe: Tameside509,44673,Salford,health_districts,High-income,Western Europe,83.87,125.93,Western Europe: Salford510,44674,Blackburn with Darwen,health_districts,High-income,Western Europe,81.15,134.61,Western Europe: Blackburn with Darwen511,44675,Knowsley,health_districts,High-income,Western Europe,81.37,132.4,Western Europe: Knowsley512,44676,Blackpool,health_districts,High-income,Western Europe,78.99,167.8,Western Europe: Blackpool513,44677,Manchester,health_districts,High-income,Western Europe,88.14,138.9,Western Europe: Manchester514,44678,North Yorkshire,health_districts,High-income,Western Europe,85.62,120.89,Western Europe: North Yorkshire515,44679,East Riding of Yorkshire,health_districts,High-income,Western Europe,83.57,118.09,Western Europe: East Riding of Yorkshire516,44680,York,health_districts,High-income,Western Europe,88.87,112.4,Western Europe: York517,44681,North East Lincolnshire,health_districts,High-income,Western Europe,80.48,137.63,Western Europe: North East Lincolnshire518,44682,Calderdale,health_districts,High-income,Western Europe,83.79,122.59,Western Europe: Calderdale519,44683,North Lincolnshire,health_districts,High-income,Western Europe,82.59,118.53,Western Europe: North Lincolnshire520,44684,Bradford,health_districts,High-income,Western Europe,81.6,145.92,Western Europe: Bradford521,44685,Kirklees,health_districts,High-income,Western Europe,82.42,136.26,Western Europe: Kirklees522,44686,Leeds,health_districts,High-income,Western Europe,86.88,132.39,Western Europe: Leeds523,44687,Sheffield,health_districts,High-income,Western Europe,85.49,133.94,Western Europe: Sheffield524,44688,Wakefield,health_districts,High-income,Western Europe,80.68,140.63,Western Europe: Wakefield525,44689,Rotherham,health_districts,High-income,Western Europe,80.42,131.49,Western Europe: Rotherham526,44690,Doncaster,health_districts,High-income,Western Europe,79.56,136.22,Western Europe: Doncaster527,44691,"Kingston upon Hull, City of",health_districts,High-income,Western Europe,79.99,149.42,"Western Europe: Kingston upon Hull, City of"528,44692,Barnsley,health_districts,High-income,Western Europe,78.93,134.96,Western Europe: Barnsley529,44693,Northamptonshire,health_districts,High-income,Western Europe,83.96,114.25,Western Europe: Northamptonshire530,44694,Leicestershire,health_districts,High-income,Western Europe,85.19,103.12,Western Europe: Leicestershire531,44695,Lincolnshire,health_districts,High-income,Western Europe,82.14,126.2,Western Europe: Lincolnshire532,44696,Rutland,health_districts,High-income,Western Europe,85.27,96.21,Western Europe: Rutland533,44697,Derby,health_districts,High-income,Western Europe,84.6,126.92,Western Europe: Derby534,44698,Derbyshire,health_districts,High-income,Western Europe,82.42,121.66,Western Europe: Derbyshire535,44699,Nottinghamshire,health_districts,High-income,Western Europe,82.3,118.89,Western Europe: Nottinghamshire536,44700,Nottingham,health_districts,High-income,Western Europe,85.89,124.57,Western Europe: Nottingham537,44701,Leicester,health_districts,High-income,Western Europe,82.91,139.83,Western Europe: Leicester538,44702,Warwickshire,health_districts,High-income,Western Europe,86.67,111.07,Western Europe: Warwickshire539,44703,"Herefordshire, County of",health_districts,High-income,Western Europe,84.63,117.82,"Western Europe: Herefordshire, County of"540,44704,Solihull,health_districts,High-income,Western Europe,87.21,96.52,Western Europe: Solihull541,44705,Shropshire,health_districts,High-income,Western Europe,84.32,105.34,Western Europe: Shropshire542,44706,Worcestershire,health_districts,High-income,Western Europe,84.36,113.75,Western Europe: Worcestershire543,44707,Staffordshire,health_districts,High-income,Western Europe,82.93,117.51,Western Europe: Staffordshire544,44708,Dudley,health_districts,High-income,Western Europe,80.42,116.68,Western Europe: Dudley545,44709,Coventry,health_districts,High-income,Western Europe,84.86,120.21,Western Europe: Coventry546,44710,Telford and Wrekin,health_districts,High-income,Western Europe,82.73,130.09,Western Europe: Telford and Wrekin547,44711,Stoke-on-Trent,health_districts,High-income,Western Europe,79.82,135.55,Western Europe: Stoke-on-Trent548,44712,Walsall,health_districts,High-income,Western Europe,79.25,131.17,Western Europe: Walsall549,44713,Wolverhampton,health_districts,High-income,Western Europe,81.24,138.06,Western Europe: Wolverhampton550,44714,Birmingham,health_districts,High-income,Western Europe,83.81,120.58,Western Europe: Birmingham551,44715,Sandwell,health_districts,High-income,Western Europe,79.57,136.45,Western Europe: Sandwell552,44716,Bedford,health_districts,High-income,Western Europe,85.81,117.72,Western Europe: Bedford553,44717,Central Bedfordshire,health_districts,High-income,Western Europe,85.23,97.01,Western Europe: Central Bedfordshire554,44718,Suffolk,health_districts,High-income,Western Europe,84.12,107.92,Western Europe: Suffolk555,44719,Hertfordshire,health_districts,High-income,Western Europe,88.75,101.94,Western Europe: Hertfordshire556,44720,Essex,health_districts,High-income,Western Europe,84.55,108.67,Western Europe: Essex557,44721,Cambridgeshire,health_districts,High-income,Western Europe,88.8,105.39,Western Europe: Cambridgeshire558,44722,Thurrock,health_districts,High-income,Western Europe,81.96,94.47,Western Europe: Thurrock559,44723,Norfolk,health_districts,High-income,Western Europe,83.73,115.39,Western Europe: Norfolk560,44724,Southend-on-Sea,health_districts,High-income,Western Europe,82.58,111,Western Europe: Southend-on-Sea561,44725,Peterborough,health_districts,High-income,Western Europe,83.79,122.31,Western Europe: Peterborough562,44726,Luton,health_districts,High-income,Western Europe,83.97,117.76,Western Europe: Luton563,44727,Richmond upon Thames,health_districts,High-income,Western Europe,93.21,79.78,Western Europe: Richmond upon Thames564,44728,Kensington and Chelsea,health_districts,High-income,Western Europe,94.65,82.8,Western Europe: Kensington and Chelsea565,44729,Barnet,health_districts,High-income,Western Europe,88.6,96.71,Western Europe: Barnet566,44730,Westminster,health_districts,High-income,Western Europe,93.72,83.12,Western Europe: Westminster567,44731,Bromley,health_districts,High-income,Western Europe,86.95,89.27,Western Europe: Bromley568,44732,Bexley,health_districts,High-income,Western Europe,84.45,109.21,Western Europe: Bexley569,44733,Redbridge,health_districts,High-income,Western Europe,85.03,95.84,Western Europe: Redbridge570,44734,Merton,health_districts,High-income,Western Europe,88.77,94.49,Western Europe: Merton571,44735,Brent,health_districts,High-income,Western Europe,86.02,116.06,Western Europe: Brent572,44736,Hillingdon,health_districts,High-income,Western Europe,89.31,108.81,Western Europe: Hillingdon573,44737,Havering,health_districts,High-income,Western Europe,83.46,97.17,Western Europe: Havering574,44738,Kingston upon Thames,health_districts,High-income,Western Europe,90.87,87.01,Western Europe: Kingston upon Thames575,44739,Sutton,health_districts,High-income,Western Europe,85.84,92.17,Western Europe: Sutton576,44740,Harrow,health_districts,High-income,Western Europe,86,100.57,Western Europe: Harrow577,44741,Enfield,health_districts,High-income,Western Europe,84.65,116.66,Western Europe: Enfield578,44742,Croydon,health_districts,High-income,Western Europe,85.21,107.36,Western Europe: Croydon579,44743,Hammersmith and Fulham,health_districts,High-income,Western Europe,93.52,103.47,Western Europe: Hammersmith and Fulham580,44744,Ealing,health_districts,High-income,Western Europe,88.27,108.79,Western Europe: Ealing581,44745,Greenwich,health_districts,High-income,Western Europe,84.61,113.57,Western Europe: Greenwich582,44746,Wandsworth,health_districts,High-income,Western Europe,92.42,106.72,Western Europe: Wandsworth583,44747,Waltham Forest,health_districts,High-income,Western Europe,84.05,107.22,Western Europe: Waltham Forest584,44748,Camden,health_districts,High-income,Western Europe,93.65,93,Western Europe: Camden585,44749,Lambeth,health_districts,High-income,Western Europe,91.64,105.21,Western Europe: Lambeth586,44750,Lewisham,health_districts,High-income,Western Europe,85.73,116.18,Western Europe: Lewisham587,44751,Hounslow,health_districts,High-income,Western Europe,89.7,108.3,Western Europe: Hounslow588,44752,Southwark,health_districts,High-income,Western Europe,91.95,97.42,Western Europe: Southwark589,44753,Newham,health_districts,High-income,Western Europe,84.17,122.13,Western Europe: Newham590,44754,Barking and Dagenham,health_districts,High-income,Western Europe,80.73,111.38,Western Europe: Barking and Dagenham591,44755,Haringey,health_districts,High-income,Western Europe,87.21,117.52,Western Europe: Haringey592,44756,Hackney,health_districts,High-income,Western Europe,89.29,112.01,Western Europe: Hackney593,44757,Islington,health_districts,High-income,Western Europe,92.47,108.88,Western Europe: Islington594,44758,Tower Hamlets,health_districts,High-income,Western Europe,90.45,102.81,Western Europe: Tower Hamlets595,44759,Wokingham,health_districts,High-income,Western Europe,91.17,85.46,Western Europe: Wokingham596,44760,Buckinghamshire,health_districts,High-income,Western Europe,88.88,96.31,Western Europe: Buckinghamshire597,44761,Surrey,health_districts,High-income,Western Europe,90.49,98.35,Western Europe: Surrey598,44762,Windsor and Maidenhead,health_districts,High-income,Western Europe,91.58,88.68,Western Europe: Windsor and Maidenhead599,44763,West Berkshire,health_districts,High-income,Western Europe,89.78,86.86,Western Europe: West Berkshire600,44764,Hampshire,health_districts,High-income,Western Europe,87.29,104.39,Western Europe: Hampshire601,44765,Bracknell Forest,health_districts,High-income,Western Europe,89.1,88.45,Western Europe: Bracknell Forest602,44766,West Sussex,health_districts,High-income,Western Europe,86.48,110.06,Western Europe: West Sussex603,44767,Oxfordshire,health_districts,High-income,Western Europe,89.95,98.37,Western Europe: Oxfordshire604,44768,Reading,health_districts,High-income,Western Europe,90.59,111.8,Western Europe: Reading605,44769,Kent,health_districts,High-income,Western Europe,84.53,115.23,Western Europe: Kent606,44770,Brighton and Hove,health_districts,High-income,Western Europe,89.83,108.44,Western Europe: Brighton and Hove607,44771,Medway,health_districts,High-income,Western Europe,82.07,116.78,Western Europe: Medway608,44772,East Sussex,health_districts,High-income,Western Europe,83.96,123.98,Western Europe: East Sussex609,44773,Portsmouth,health_districts,High-income,Western Europe,86.59,127.39,Western Europe: Portsmouth610,44774,Isle of Wight,health_districts,High-income,Western Europe,82.64,138.54,Western Europe: Isle of Wight611,44775,Milton Keynes,health_districts,High-income,Western Europe,88.72,99.65,Western Europe: Milton Keynes612,44776,Southampton,health_districts,High-income,Western Europe,86.13,117.49,Western Europe: Southampton613,44777,Slough,health_districts,High-income,Western Europe,87.86,127.69,Western Europe: Slough614,44778,South Gloucestershire,health_districts,High-income,Western Europe,88.5,94.27,Western Europe: South Gloucestershire615,44779,Dorset,health_districts,High-income,Western Europe,85.16,94.16,Western Europe: Dorset616,44780,Wiltshire,health_districts,High-income,Western Europe,85.95,102.43,Western Europe: Wiltshire617,44781,North Somerset,health_districts,High-income,Western Europe,85.9,99.8,Western Europe: North Somerset618,44782,Devon,health_districts,High-income,Western Europe,85.54,110.89,Western Europe: Devon619,44783,Poole,health_districts,High-income,Western Europe,86.35,106.35,Western Europe: Poole620,44784,Bath and North East Somerset,health_districts,High-income,Western Europe,89.54,98.34,Western Europe: Bath and North East Somerset621,44785,Gloucestershire,health_districts,High-income,Western Europe,87.18,116.91,Western Europe: Gloucestershire622,44786,Somerset,health_districts,High-income,Western Europe,84.34,113.15,Western Europe: Somerset623,44787,Swindon,health_districts,High-income,Western Europe,86.75,100.44,Western Europe: Swindon624,44788,Torbay,health_districts,High-income,Western Europe,81.3,137.49,Western Europe: Torbay625,44789,"Bristol, City of",health_districts,High-income,Western Europe,89.7,111.39,"Western Europe: Bristol, City of"626,44790,Bournemouth,health_districts,High-income,Western Europe,87.05,119.98,Western Europe: Bournemouth627,44791,Cornwall,health_districts,High-income,Western Europe,83.98,121.41,Western Europe: Cornwall628,44792,Plymouth,health_districts,High-income,Western Europe,84.33,116.21,Western Europe: Plymouth629,53533,Mountain Province,admin1,"Southeast Asia, East Asia, and Oceania",Southeast Asia,52.05,285.7,Southeast Asia: Mountain Province630,53534,Ifugao,admin1,"Southeast Asia, East Asia, and Oceania",Southeast Asia,59.71,211.18,Southeast Asia: Ifugao631,53535,Benguet,admin1,"Southeast Asia, East Asia, and Oceania",Southeast Asia,71.35,294.74,Southeast Asia: Benguet632,53536,Abra,admin1,"Southeast Asia, East Asia, and Oceania",Southeast Asia,64.65,242.95,Southeast Asia: Abra633,53537,Apayao,admin1,"Southeast Asia, East Asia, and Oceania",Southeast Asia,61.11,252.92,Southeast Asia: Apayao634,53538,Kalinga,admin1,"Southeast Asia, East Asia, and Oceania",Southeast Asia,57.82,221.54,Southeast Asia: Kalinga635,53539,La Union,admin1,"Southeast Asia, East Asia, and Oceania",Southeast Asia,66.1,278.98,Southeast Asia: La Union636,53540,Ilocos Norte,admin1,"Southeast Asia, East Asia, and Oceania",Southeast Asia,68.69,287.05,Southeast Asia: Ilocos Norte637,53541,Ilocos Sur,admin1,"Southeast Asia, East Asia, and Oceania",Southeast Asia,67.23,251.88,Southeast Asia: Ilocos Sur638,53542,Pangasinan,admin1,"Southeast Asia, East Asia, and Oceania",Southeast Asia,66.56,348.32,Southeast Asia: Pangasinan639,53543,Nueva Vizcaya,admin1,"Southeast Asia, East Asia, and Oceania",Southeast Asia,61.62,288.48,Southeast Asia: Nueva Vizcaya640,53544,Cagayan,admin1,"Southeast Asia, East Asia, and Oceania",Southeast Asia,63.51,316.58,Southeast Asia: Cagayan641,53545,Isabela,admin1,"Southeast Asia, East Asia, and Oceania",Southeast Asia,63.73,307.21,Southeast Asia: Isabela642,53546,Quirino,admin1,"Southeast Asia, East Asia, and Oceania",Southeast Asia,57.15,219.18,Southeast Asia: Quirino643,53547,Batanes,admin1,"Southeast Asia, East Asia, and Oceania",Southeast Asia,68.23,291.06,Southeast Asia: Batanes644,53548,Bataan,admin1,"Southeast Asia, East Asia, and Oceania",Southeast Asia,65.69,329.39,Southeast Asia: Bataan645,53549,Zambales,admin1,"Southeast Asia, East Asia, and Oceania",Southeast Asia,65.08,368.52,Southeast Asia: Zambales646,53550,Tarlac,admin1,"Southeast Asia, East Asia, and Oceania",Southeast Asia,65.06,349.87,Southeast Asia: Tarlac647,53551,Pampanga,admin1,"Southeast Asia, East Asia, and Oceania",Southeast Asia,69.6,336.69,Southeast Asia: Pampanga648,53552,Bulacan,admin1,"Southeast Asia, East Asia, and Oceania",Southeast Asia,70.75,395.62,Southeast Asia: Bulacan649,53553,Nueva Ecija,admin1,"Southeast Asia, East Asia, and Oceania",Southeast Asia,65.02,346.78,Southeast Asia: Nueva Ecija650,53554,Aurora,admin1,"Southeast Asia, East Asia, and Oceania",Southeast Asia,61.45,325.76,Southeast Asia: Aurora651,53555,Rizal,admin1,"Southeast Asia, East Asia, and Oceania",Southeast Asia,70.94,449.55,Southeast Asia: Rizal652,53556,Cavite,admin1,"Southeast Asia, East Asia, and Oceania",Southeast Asia,72.68,332.3,Southeast Asia: Cavite653,53557,Laguna,admin1,"Southeast Asia, East Asia, and Oceania",Southeast Asia,70.09,418.04,Southeast Asia: Laguna654,53558,Batangas,admin1,"Southeast Asia, East Asia, and Oceania",Southeast Asia,68.44,302.35,Southeast Asia: Batangas655,53559,Quezon,admin1,"Southeast Asia, East Asia, and Oceania",Southeast Asia,62.86,383.51,Southeast Asia: Quezon656,53560,Occidental Mindoro,admin1,"Southeast Asia, East Asia, and Oceania",Southeast Asia,46.68,322.88,Southeast Asia: Occidental Mindoro657,53561,Oriental Mindoro,admin1,"Southeast Asia, East Asia, and Oceania",Southeast Asia,60.32,305.55,Southeast Asia: Oriental Mindoro658,53562,Romblon,admin1,"Southeast Asia, East Asia, and Oceania",Southeast Asia,53.24,257.29,Southeast Asia: Romblon659,53563,Palawan,admin1,"Southeast Asia, East Asia, and Oceania",Southeast Asia,53,277.75,Southeast Asia: Palawan660,53564,Marinduque,admin1,"Southeast Asia, East Asia, and Oceania",Southeast Asia,55.19,330.68,Southeast Asia: Marinduque661,53565,Catanduanes,admin1,"Southeast Asia, East Asia, and Oceania",Southeast Asia,60.95,305.52,Southeast Asia: Catanduanes662,53566,Camarines Norte,admin1,"Southeast Asia, East Asia, and Oceania",Southeast Asia,59.43,404.09,Southeast Asia: Camarines Norte663,53567,Sorsogon,admin1,"Southeast Asia, East Asia, and Oceania",Southeast Asia,60.03,342.52,Southeast Asia: Sorsogon664,53568,Albay,admin1,"Southeast Asia, East Asia, and Oceania",Southeast Asia,63.99,387.67,Southeast Asia: Albay665,53569,Masbate,admin1,"Southeast Asia, East Asia, and Oceania",Southeast Asia,45.41,364.4,Southeast Asia: Masbate666,53570,Camarines Sur,admin1,"Southeast Asia, East Asia, and Oceania",Southeast Asia,63.26,386.98,Southeast Asia: Camarines Sur667,53571,Capiz,admin1,"Southeast Asia, East Asia, and Oceania",Southeast Asia,56.81,299.6,Southeast Asia: Capiz668,53572,Aklan,admin1,"Southeast Asia, East Asia, and Oceania",Southeast Asia,64.01,267.51,Southeast Asia: Aklan669,53573,Antique,admin1,"Southeast Asia, East Asia, and Oceania",Southeast Asia,57.43,255.75,Southeast Asia: Antique670,53574,Negros Occidental,admin1,"Southeast Asia, East Asia, and Oceania",Southeast Asia,60.32,291.3,Southeast Asia: Negros Occidental671,53575,Iloilo,admin1,"Southeast Asia, East Asia, and Oceania",Southeast Asia,67.29,275.69,Southeast Asia: Iloilo672,53576,Guimaras,admin1,"Southeast Asia, East Asia, and Oceania",Southeast Asia,60.92,257.51,Southeast Asia: Guimaras673,53577,Negros Oriental,admin1,"Southeast Asia, East Asia, and Oceania",Southeast Asia,57.61,275.7,Southeast Asia: Negros Oriental674,53578,Cebu,admin1,"Southeast Asia, East Asia, and Oceania",Southeast Asia,65.61,377.3,Southeast Asia: Cebu675,53579,Bohol,admin1,"Southeast Asia, East Asia, and Oceania",Southeast Asia,60.38,257.13,Southeast Asia: Bohol676,53580,Siquijor,admin1,"Southeast Asia, East Asia, and Oceania",Southeast Asia,60.07,290.71,Southeast Asia: Siquijor677,53581,Southern Leyte,admin1,"Southeast Asia, East Asia, and Oceania",Southeast Asia,60.02,267.43,Southeast Asia: Southern Leyte678,53582,Eastern Samar,admin1,"Southeast Asia, East Asia, and Oceania",Southeast Asia,49.57,320.16,Southeast Asia: Eastern Samar679,53583,Northern Samar,admin1,"Southeast Asia, East Asia, and Oceania",Southeast Asia,52.22,328.6,Southeast Asia: Northern Samar680,53584,Samar (Western Samar),admin1,"Southeast Asia, East Asia, and Oceania",Southeast Asia,52.55,346.5,Southeast Asia: Samar (Western Samar)681,53585,Leyte,admin1,"Southeast Asia, East Asia, and Oceania",Southeast Asia,61.09,306.85,Southeast Asia: Leyte682,53586,Biliran,admin1,"Southeast Asia, East Asia, and Oceania",Southeast Asia,64.41,262.77,Southeast Asia: Biliran683,53587,Zamboanga Sibugay,admin1,"Southeast Asia, East Asia, and Oceania",Southeast Asia,54.97,320.83,Southeast Asia: Zamboanga Sibugay684,53588,Zamboanga Del Norte,admin1,"Southeast Asia, East Asia, and Oceania",Southeast Asia,53.72,309.36,Southeast Asia: Zamboanga Del Norte685,53589,Zamboanga Del Sur,admin1,"Southeast Asia, East Asia, and Oceania",Southeast Asia,63.09,376.66,Southeast Asia: Zamboanga Del Sur686,53590,Misamis Occidental,admin1,"Southeast Asia, East Asia, and Oceania",Southeast Asia,58.57,306.03,Southeast Asia: Misamis Occidental687,53591,Bukidnon,admin1,"Southeast Asia, East Asia, and Oceania",Southeast Asia,55.05,316.71,Southeast Asia: Bukidnon688,53592,Lanao Del Norte,admin1,"Southeast Asia, East Asia, and Oceania",Southeast Asia,58.25,269.06,Southeast Asia: Lanao Del Norte689,53593,Misamis Oriental,admin1,"Southeast Asia, East Asia, and Oceania",Southeast Asia,66.02,349.62,Southeast Asia: Misamis Oriental690,53594,Camiguin,admin1,"Southeast Asia, East Asia, and Oceania",Southeast Asia,63.24,268.24,Southeast Asia: Camiguin691,53595,Davao Oriental,admin1,"Southeast Asia, East Asia, and Oceania",Southeast Asia,54.67,287.57,Southeast Asia: Davao Oriental692,53596,Davao de Oro,admin1,"Southeast Asia, East Asia, and Oceania",Southeast Asia,53.44,301.71,Southeast Asia: Davao de Oro693,53597,Davao Del Sur,admin1,"Southeast Asia, East Asia, and Oceania",Southeast Asia,66,358.07,Southeast Asia: Davao Del Sur694,53598,Davao Occidental,admin1,"Southeast Asia, East Asia, and Oceania",Southeast Asia,58.15,379.83,Southeast Asia: Davao Occidental695,53599,Davao Del Norte,admin1,"Southeast Asia, East Asia, and Oceania",Southeast Asia,63.81,445.3,Southeast Asia: Davao Del Norte696,53600,South Cotabato,admin1,"Southeast Asia, East Asia, and Oceania",Southeast Asia,63.21,338.93,Southeast Asia: South Cotabato697,53601,Sultan Kudarat,admin1,"Southeast Asia, East Asia, and Oceania",Southeast Asia,52.07,270.68,Southeast Asia: Sultan Kudarat698,53602,Cotabato (North Cotabato),admin1,"Southeast Asia, East Asia, and Oceania",Southeast Asia,55.38,292.93,Southeast Asia: Cotabato (North Cotabato)699,53603,Sarangani,admin1,"Southeast Asia, East Asia, and Oceania",Southeast Asia,58.39,337.48,Southeast Asia: Sarangani700,53604,Agusan Del Norte,admin1,"Southeast Asia, East Asia, and Oceania",Southeast Asia,60.94,315.5,Southeast Asia: Agusan Del Norte701,53605,Agusan Del Sur,admin1,"Southeast Asia, East Asia, and Oceania",Southeast Asia,54.24,376.13,Southeast Asia: Agusan Del Sur702,53606,Surigao Del Sur,admin1,"Southeast Asia, East Asia, and Oceania",Southeast Asia,58.87,323.59,Southeast Asia: Surigao Del Sur703,53607,Surigao Del Norte,admin1,"Southeast Asia, East Asia, and Oceania",Southeast Asia,62.74,340.01,Southeast Asia: Surigao Del Norte704,53608,Dinagat Islands,admin1,"Southeast Asia, East Asia, and Oceania",Southeast Asia,62.08,268.73,Southeast Asia: Dinagat Islands705,53609,Tawi-Tawi,admin1,"Southeast Asia, East Asia, and Oceania",Southeast Asia,53.58,315.66,Southeast Asia: Tawi-Tawi706,53610,Basilan,admin1,"Southeast Asia, East Asia, and Oceania",Southeast Asia,54.68,428.76,Southeast Asia: Basilan707,53611,Sulu,admin1,"Southeast Asia, East Asia, and Oceania",Southeast Asia,48.35,388.21,Southeast Asia: Sulu708,53612,Maguindanao,admin1,"Southeast Asia, East Asia, and Oceania",Southeast Asia,51.13,332.58,Southeast Asia: Maguindanao709,53613,Lanao Del Sur,admin1,"Southeast Asia, East Asia, and Oceania",Southeast Asia,53.07,397.53,Southeast Asia: Lanao Del Sur710,53614,National Capital Region,admin1,"Southeast Asia, East Asia, and Oceania",Southeast Asia,75.17,380.87,Southeast Asia: National Capital Region,,,,,,,,: ,,,,,,,,: ,,,,,,,,: ,,,,,,,,: ,,,,,,,,: ,,,,,,,,: ,,,,,,,,: ,,,,,,,,: ,,,,,,,,: ,,,,,,,,: ,,,,,,,,: ,,,,,,,,: ,,,,,,,,: 